대분류,지번주소 (읍/면/동),관할주소,인구[명],교통량(AADT),숙박업소(관광지수),상권밀집도(비율),위도,경도,adm_cd
가설건축,강원특별자치도 홍천군 홍천읍 희망리 78-5,강원특별자치도,32605,19013,41,0.03,37.69378455,127.8864907,32510110
가설건축,강원특별자치도 원주시 개운동 451-1,강원특별자치도,12041,17545,4,0.02,37.33251,127.9478,32020530
가설건축,강원특별자치도 원주시 단구동 1486-1,강원특별자치도,42402,17545,12,0.02,37.31849,127.9684,32020560
가설건축,경기도 시흥시 정왕동 1286-3,경기도,42861,26544,26,0.04,37.32586954,126.7314783,31150650
가설건축,경기도 파주시 문산읍 운천리 81-30,경기도,46040,5278,24,0.02,37.88155119,126.762597,31200110
가설건축,경기도 파주시 문산읍 선유리 1372-8,경기도,46040,8560,24,0.02,37.86087364,126.8075665,31200110
가설건축,경상남도 거창군 거창읍 정장리 281-1,경상남도,39265,8398,36,0.03,35.67484853,127.9313179,38590110
가설건축,경상남도 창원시 진해구 안골동 산 118,경상남도,45382,31070,29,0.02,35.08137075,128.7843146,38115650
가설건축,경상남도 김해시 대청동 303-3번지(장유2동),경상남도,36952,19222,38,0.02,35.19061,128.8014,38070620
가설건축,경상북도 포항시 남구 오천읍 광명리 106-1,경상북도,56958,10758,35,0.02,35.95878917,129.4242975,37011130
가설건축,경상북도 포항시 북구 죽도동 618-11,경상북도,19406,21053,43,0.05,36.02303,129.3576,37012680
가설건축,경상북도 김천시 신음동 1054-8(대신동),경상북도,26548,1948,6,0.02,36.13023,128.1153,37030560
가설건축,광주광역시 남구 월산동 141-4,광주광역시,8388,39702,4,0.02,35.14391,126.9008,24030570
가설건축,광주광역시 북구 중흥동 323-5,광주광역시,15147,13843,2,0.02,35.16843,126.9066,24040831
가설건축,광주광역시 서구 치평동 1163-1,광주광역시,29447,39702,59,0.04,35.15685,126.8409,24020660
가설건축,대구광역시 수성구 만촌2동 1036-26,대구광역시,10182,20197,1,0.02,35.85922,128.6414,22060560
가설건축,대구광역시 중구 공평동 58-1번지 일원(성내1동),대구광역시,4752,36971,17,0.22,35.86925,128.5989,22010560
가설건축,대구광역시 달서구 상인동 1332-100(상인2동),대구광역시,18225,29690,3,0.02,35.8094,128.5411,22070660
가설건축,대전광역시 중구 용두동 112-7번지,대전광역시,9065,14337,3,0.02,36.32762,127.4069,25020600
가설건축,대전광역시 동구 성남동 1-97번지,대전광역시,10895,16454,3,0.02,36.34535,127.4371,25010790
가설건축,대전광역시 동구 가양동 452-1번지 일원(가양1동),대전광역시,13192,16454,4,0.02,36.34975,127.4403,25010630
가설건축,부산광역시 남구 대연동 455-25번지(대연3동),부산광역시,38962,22984,0,0.02,35.13648,129.106,21070530
가설건축,부산광역시 기장군 장안읍 좌동리 252,부산광역시,9024,32370,4,0.05,35.32191,129.2391,21510120
가설건축,부산광역시 수영구 광안동 1239-21(광안4동),부산광역시,13254,22984,3,0.02,35.15609,129.108,21140590
가설건축,서울특별시 노원구 월계동 85(월계3동),서울특별시,27931,35408,2,0.01,37.62249,127.0629,11110530
가설건축,서울특별시 강남구 대치동 995-8(대치2동),서울특별시,35686,25582,2,0.03,37.50808,127.0642,11230790
가설건축,서울특별시 동대문구 용두동 36-2 1층(용신동),서울특별시,39131,25582,0,0.04,37.57376,127.0377,11060810
가설건축,울산광역시 중구 학성동 397-1번지 일원,울산광역시,10635,20222,23,0.03,35.55881,129.3328,26010510
가설건축,울산광역시 남구 야음동 363-2번지 일원(야음장생포동),울산광역시,8939,23213,5,0.05,35.51848,129.3368,26020610
가설건축,울산광역시 울주군 언양읍 동부리 84-5,울산광역시,31333,15171,11,0.02,35.56561,129.1282,26510120
가설건축,인천광역시 연수구 송도동 180-1,인천광역시,52283,26544,0,0.02,37.37829894,126.6690982,23040650
가설건축,인천광역시 부평구 부평동 760-153번지(부평2동),인천광역시,16254,9736,0,0.01,37.48903,126.7172,23060520
가설건축,인천광역시 서구 경서동 956-9번지(검암경서동),인천광역시,46324,51589,0,0.01,37.53367,126.6487,23080780
가설건축,전라남도 순천시 가곡동 359-3번지(삼산동),전라남도,28506,4818,7,0.02,34.97989,127.4855,36030550
가설건축,전라남도 광양시 마동 1344번지(중마동),전라남도,56681,11124,42,0.02,34.94653,127.7138,36060530
가설건축,전라남도 화순군 화순읍 삼천리 703번지 일원,전라남도,38380,14142,10,0.02,35.05598,126.9822,36570111
가설건축,전북특별자치도 익산시 송학동 245-25번지,전북특별자치도,8695,9821,5,0.01,35.94247,126.9363,35030620
가설건축,전북특별자치도 완주군 삼례읍 수계리 322-2번지,전북특별자치도,22353,29756,8,0.02,35.92591,127.1239,35510110
가설건축,전북특별자치도 전주시 덕진구 우아동3가 747-81번지 일원(우아1동),전북특별자치도,12091,29756,43,0.03,35.85108,127.1546,35012610
가설건축,제주특별자치도 제주시 오라2동 1585-1,제주특별자치도,15735,14084,17,0.03,33.4804,126.514,39010640
가설건축,제주특별자치도 제주시 화북2동 5563 일원,제주특별자치도,23355,12999,1,0.02,33.48961,126.5539,39010600
가설건축,제주특별자치도 제주시 도남동 205번지(이도2동),제주특별자치도,48436,14084,32,0.03,33.48243,126.5317,39010540
가설건축,충청남도 아산시 배방읍 장재리 1628,충청남도,86956,71113,10,0.01,36.78571,127.1002,34040120
가설건축,충청남도 아산시 배방읍 장재리 1714,충청남도,86956,71113,10,0.01,36.78591,127.1059,34040120
가설건축,충청남도 서산시 예천동 23-20(석남동),충청남도,34694,15400,2,0.02,36.77378,126.4522,34050550
가설건축,충청북도 청주시 서원구 장성동 204번지(분평동),충청북도,28816,28239,0,0.02,36.59618,127.4751,33042560
가설건축,충청북도 청주시 서원구 장성동 183-2번지(분평동),충청북도,28816,28239,0,0.02,36.59715,127.475,33042560
가설건축,충청북도 청주시 흥덕구 가경동 1017번지 일원,충청북도,54189,38488,50,0.02,36.6292,127.4299,33043540
공동주택,강원특별자치도 홍천군 홍천읍 연봉리 457-1,강원특별자치도,32605,21962,41,0.03,37.68527834,127.8807653,32510110
공동주택,강원특별자치도 홍천군 홍천읍 희망리 163-6,강원특별자치도,32605,19013,41,0.03,37.69570366,127.890186,32510110
공동주택,강원특별자치도 강릉시 교동 972-2,강원특별자치도,25038,12489,17,0.02,37.75831,128.883,32030550
공동주택,경기도 화성시 능동 1075-2,경기도,40221,53568,1,0.01,37.21398346,127.0625822,31240620
공동주택,경기도 남양주시 와부읍 월문리 산 319-1,경기도,55010,50311,7,0.02,37.60415569,127.2251804,31130110
공동주택,경기도 파주시 목동동 1092,경기도,62405,41069,0,0.01,37.71994165,126.7402953,31200570
공동주택,경상남도 거제시 사등면 성포리 208-1,경상남도,12173,50439,21,0.02,34.91782667,128.5254901,38090360
공동주택,경상남도 진주시 칠암동 507-10,경상남도,28921,11808,26,0.02,35.18391955,128.0904723,38030720
공동주택,경상남도 김해시 어방동 365-17,경상남도,40591,30599,46,0.02,35.23948203,128.9019185,38070580
공동주택,경상북도 칠곡군 왜관읍 삼청리 926,경상북도,32613,25080,18,0.03,35.96985044,128.4323798,37590110
공동주택,경상북도 경산시 사정동 3-16,경상북도,33419,20197,8,0.02,35.82285015,128.7292273,37100530
공동주택,경상북도 포항시 북구 흥해읍 약성리 101-6,경상북도,43013,47564,17,0.02,36.11490781,129.3457346,37012110
공동주택,광주광역시 서구 풍암동 1185,광주광역시,34720,39702,6,0.02,35.12362361,126.8845209,24020670
공동주택,광주광역시 북구 용봉동 1220-11,광주광역시,43567,13843,9,0.02,35.1814255,126.9023563,24040570
공동주택,광주광역시 광산구 수완동 923,광주광역시,74166,24470,0,0.01,35.19876425,126.8268416,24050517
공동주택,대구광역시 동구 신서동 580-2,대구광역시,20742,38336,1,0.01,35.86377021,128.7323633,22020760
공동주택,대구광역시 수성구 만촌동 386-7,대구광역시,20922,20197,3,0.02,35.87717071,128.6475879,22060550
공동주택,대구광역시 달성군 유가읍 초곡리 628,대구광역시,28833,20557,3,0.01,35.71059065,128.4706974,22510140
공동주택,대전광역시 중구 문화동 19-1,대전광역시,20512,14337,6,0.01,36.31371094,127.4135717,25020670
공동주택,대전광역시 중구 산성동 306-76,대전광역시,25634,14337,8,0.03,36.3035404,127.3882557,25020690
공동주택,대전광역시 서구 도안동 1093,대전광역시,37587,14337,0,0.02,36.32394463,127.3467283,25030512
공동주택,부산광역시 남구 용호동 360-7,부산광역시,41664,22984,7,0.01,35.11897422,129.1104316,21070570
공동주택,부산광역시 강서구 명지동 3000-3,부산광역시,53576,31070,16,0.02,35.13215481,128.9148093,21120590
공동주택,부산광역시 강서구 명지동 3679,부산광역시,53576,31070,16,0.02,35.09891806,128.9245255,21120590
공동주택,서울특별시 양천구 신정동 945-21,서울특별시,31831,196415,3,0.03,37.52358596,126.8531296,11150720
공동주택,서울특별시 은평구 녹번동 117-24,서울특별시,35179,50209,5,0.02,37.60772027,126.9313803,11120510
공동주택,서울특별시 서대문구 연희동 220-15,서울특별시,36299,196415,2,0.02,37.56571978,126.9257311,11130760
공동주택,울산광역시 울주군 언양읍 어음리 469-3,울산광역시,31333,15171,11,0.02,35.56298498,129.1305388,26510120
공동주택,울산광역시 남구 달동 1317-4,울산광역시,47809,20222,97,0.05,35.54539387,129.3298069,26020570
공동주택,울산광역시 남구 달동 1303-10,울산광역시,47809,23213,97,0.05,35.5350265,129.3375211,26020570
공동주택,인천광역시 미추홀구 도화동 119-39,인천광역시,31905,9736,1,0.02,37.46906736,126.6704914,23090770
공동주택,인천광역시 부평구 부평동 484-1,인천광역시,37201,9736,59,0.02,37.49098558,126.7335027,23060550
공동주택,인천광역시 서구 심곡동 341-9,인천광역시,37926,51589,19,0.02,37.54157488,126.6719038,23080531
공동주택,전라남도 해남군 해남읍 구교리 250,전라남도,22960,19589,28,0.03,34.57719502,126.5999913,36600110
공동주택,전라남도 순천시 석현동 143-5,전라남도,28506,4818,7,0.02,34.96998887,127.4875174,36030550
공동주택,전라남도 순천시 조례동 1734-5,전라남도,37680,4818,13,0.02,34.97024595,127.5211142,36030660
공동주택,전북특별자치도 전주시 덕진구 송천동1가 123-7,전북특별자치도,63864,29756,2,0.01,35.85749844,127.1230548,35012650
공동주택,전북특별자치도 전주시 덕진구 금암동 471-8,전북특별자치도,11660,29756,0,0.03,35.83813894,127.1320345,35012721
공동주택,전북특별자치도 전주시 덕진구 금암동 1545-18,전북특별자치도,11660,29756,0,0.03,35.8427306,127.1362926,35012721
공동주택,제주특별자치도 제주시 이도이동 2009-4,제주특별자치도,48436,35338,32,0.03,33.48943584,126.5370188,39010540
공동주택,제주특별자치도 제주시 이도이동 1072-1,제주특별자치도,48436,35338,32,0.03,33.49587691,126.5380079,39010540
공동주택,제주특별자치도 제주시 노형동 1278-13,제주특별자치도,57043,54135,46,0.03,33.48824393,126.4791017,39010660
공동주택,충청남도 홍성군 홍성읍 남장리 409-9,충청남도,37640,5429,30,0.03,36.57673895,126.656614,34560110
공동주택,충청남도 아산시 권곡동 530-15,충청남도,39174,26464,19,0.01,36.78847571,127.014038,34040530
공동주택,충청남도 아산시 배방읍 장재리 1352-17,충청남도,86956,71113,10,0.01,36.78864269,127.0966956,34040120
공동주택,충청북도 충주시 교현동 484-4,충청북도,22324,2838,0,0.02,36.9791092,127.941652,33020530
공동주택,충청북도 옥천군 옥천읍 금구리 94-2,충청북도,27972,14564,22,0.03,36.2994059,127.5755822,33530110
공동주택,충청북도 청주시 흥덕구 오송읍 쌍청리 108-37,충청북도,31129,42283,7,0.02,36.64116962,127.3467133,33043110
공장,강원특별자치도 동해시 천곡동 936-2,강원특별자치도,29530,2928,26,0.03,37.52135146,129.1178771,32040510
공장,강원특별자치도 원주시 단계동 921-7,강원특별자치도,34464,17545,9,0.02,37.34028269,127.9323893,32020670
공장,강원특별자치도 원주시 반곡동 1924-11,강원특별자치도,45914,19092,6,0.02,37.32738585,127.9889725,32020680
공장,경기도 포천시 소흘읍 이동교리 118-4,경기도,44996,44706,52,0.03,37.81677992,127.1340537,31270110
공장,경기도 화성시 송동 725-4,경기도,55001,15301,0,0.01,37.16610473,127.1051221,31240691
공장,경기도 남양주시 와부읍 팔당리 706-4,경기도,55010,50311,7,0.02,37.55973604,127.2348208,31130110
공장,경상남도 창원시 의창구 사림동 55-14,경상남도,32310,35770,30,0.02,35.24251642,128.6889283,38111540
공장,경상남도 김해시 진영읍 좌곤리 312-3,경상남도,58975,35770,23,0.02,35.29059319,128.7076793,38070110
공장,경상남도 김해시 외동 1252-4,경상남도,72268,30599,9,0.02,35.23380394,128.8656079,38070540
공장,경상북도 포항시 북구 두호동 1085-5,경상북도,21653,47564,20,0.02,36.06453396,129.3824724,37012640
공장,경상북도 안동시 용상동 1078-34,경상북도,25591,14027,9,0.02,36.55292647,128.7557581,37040540
공장,경상북도 구미시 봉곡동 234-8,경상북도,39118,28475,19,0.02,36.15217952,128.3109129,37050570
공장,광주광역시 광산구 신창동 1174,광주광역시,34526,24470,0,0.02,35.19426799,126.8452476,24050521
공장,광주광역시 북구 양산동 404-7,광주광역시,36333,20919,0,0.02,35.19724824,126.8824666,24040800
공장,광주광역시 광산구 월계동 843-6,광주광역시,43941,24470,14,0.02,35.2089735,126.8389905,24050516
공장,대구광역시 수성구 신매동 246-8,대구광역시,30658,38336,0,0.01,35.83965848,128.7139766,22060730
공장,대구광역시 달성군 화원읍 천내리 234-3,대구광역시,46320,31748,2,0.02,35.8049023,128.4953803,22510110
공장,대구광역시 달성군 화원읍 천내리 715-4,대구광역시,46320,31748,2,0.02,35.8005042,128.5046563,22510110
공장,대전광역시 유성구 원내동 402-4,대전광역시,25029,32024,2,0.03,36.29966281,127.3237221,25040680
공장,대전광역시 유성구 문지동 660-2,대전광역시,25698,19795,0,0.02,36.39171771,127.4087759,25040570
공장,대전광역시 유성구 장대동 307-11,대전광역시,54074,16850,5,0.02,36.3654834,127.3363527,25040540
공장,부산광역시 부산진구 전포동 201-30,부산광역시,22674,22984,5,0.04,35.15830628,129.066153,21050610
공장,부산광역시 사상구 괘법동 984,부산광역시,25816,30599,99,0.05,35.16474312,128.9819452,21150570
공장,부산광역시 연제구 거제동 1486-2,부산광역시,27662,22984,0,0.02,35.19208338,129.0753796,21130510
공장,서울특별시 구로구 구로동 715-3,서울특별시,34270,28922,26,0.05,37.48702245,126.8849761,11170710
공장,서울특별시 강남구 역삼동 707-24,서울특별시,34689,25582,23,0.03,37.5033199,127.0463778,11230650
공장,서울특별시 서대문구 연희동 130-8,서울특별시,36299,196415,2,0.02,37.56745805,126.9290799,11130760
공장,울산광역시 울주군 언양읍 반송리 858,울산광역시,31333,49775,11,0.02,35.5496755,129.1507975,26510120
공장,울산광역시 남구 야음동 678-17,울산광역시,32296,20222,10,0.01,35.52698935,129.3261397,26020620
공장,울산광역시 남구 달동 1311-6,울산광역시,47809,23213,97,0.05,35.53382393,129.3404757,26020570
공장,인천광역시 부평구 부평동 441-36,인천광역시,38156,9736,17,0.02,37.49876604,126.7245954,23060540
공장,인천광역시 남동구 고잔동 731-11,인천광역시,44096,26544,0,0.04,37.38568194,126.6966673,23050740
공장,인천광역시 남동구 고잔동 666-9,인천광역시,44096,26544,0,0.04,37.3940573,126.7007081,23050740
공장,전라남도 순천시 석현동 632-5,전라남도,28506,13649,7,0.02,34.99184822,127.4580955,36030550
공장,전라남도 순천시 연향동 1688-1,전라남도,39932,3801,35,0.03,34.93353245,127.5169853,36030570
공장,전라남도 여수시 신기동 112-10,전라남도,41433,25252,11,0.02,34.75958108,127.6690397,36020660
공장,전북특별자치도 전주시 완산구 중화산동2가 642-2,전북특별자치도,18923,35443,0,0.03,35.81393136,127.1215513,35011630
공장,전북특별자치도 전주시 덕진구 덕진동2가 206-1,전북특별자치도,25042,29756,27,0.02,35.84683833,127.1195425,35012570
공장,전북특별자치도 전주시 덕진구 송천동2가 176-12,전북특별자치도,63864,29756,2,0.01,35.86667535,127.1295795,35012650
공장,제주특별자치도 제주시 화북이동 3121-3,제주특별자치도,23355,12999,1,0.02,33.50101447,126.5611494,39010600
공장,제주특별자치도 제주시 일도이동 991-20,제주특별자치도,31540,35338,26,0.02,33.51286731,126.5343658,39010520
공장,제주특별자치도 제주시 이도이동 1010-11,제주특별자치도,48436,35338,32,0.03,33.49700719,126.5314397,39010540
공장,충청남도 논산시 취암동 1065-5,충청남도,35514,9689,30,0.03,36.20056938,127.0928672,34060510
공장,충청남도 천안시 서북구 성성동 661,충청남도,62000,14426,0,0.02,36.8406883,127.1296343,34012610
공장,충청남도 천안시 서북구 두정동 670,충청남도,62000,54979,0,0.02,36.83078833,127.130835,34012610
공장,충청북도 청주시 상당구 금천동 55-8,충청북도,29313,18524,1,0.01,36.62710488,127.5081827,33041550
공장,충청북도 진천군 덕산읍 합목리 406-28,충청북도,32332,8289,10,0.01,36.89773599,127.4948668,33550120
공장,충청북도 청주시 상당구 방서동 766,충청북도,43615,22985,1,0.01,36.59744314,127.5031122,33041580
근린생활시설,강원특별자치도 동해시 천곡동 1066,강원특별자치도,29530,2928,26,0.03,37.52084566,129.114031,32040510
근린생활시설,강원특별자치도 원주시 무실동 630-3,강원특별자치도,34464,17545,9,0.02,37.3308223,127.9253761,32020670
근린생활시설,강원특별자치도 춘천시 퇴계동 418-20,강원특별자치도,46293,9664,27,0.02,37.85912594,127.731116,32010670
근린생활시설,경기도 의왕시 학의동 604-2,경기도,35909,62251,1,0.02,37.37528024,127.0038251,31170560
근린생활시설,경기도 시흥시 정왕동 2121-1,경기도,42861,41640,26,0.04,37.34184662,126.7322927,31150650
근린생활시설,경기도 수원시 영통구 이의동 835,경기도,53335,30954,0,0.02,37.29485606,127.0484093,31014620
근린생활시설,경상남도 진주시 신안동 753-5,경상남도,26105,11808,16,0.02,35.17962954,128.0645164,38030670
근린생활시설,경상남도 창원시 의창구 도계동 406-5,경상남도,39504,51252,30,0.02,35.25579412,128.6369954,38111530
근린생활시설,경상남도 김해시 삼계동 1417-3,경상남도,82345,30599,20,0.01,35.2686667,128.8644709,38070550
근린생활시설,경상북도 구미시 옥계동 945-1,경상북도,47654,13503,24,0.01,36.1367198,128.4141711,37050720
근린생활시설,경상북도 경주시 사정동 165-12,경상북도,70669,25475,10,0.02,35.83359804,129.2088024,37012650
근린생활시설,경상북도 포항시 북구 장성동 1576-5,경상북도,70669,47564,10,0.02,36.07468015,129.3849476,37012650
근린생활시설,광주광역시 광산구 월계동 888-10,광주광역시,43941,24470,14,0.02,35.21492969,126.84316,24050516
근린생활시설,광주광역시 광산구 쌍암동 694-5,광주광역시,43941,3134,14,0.02,35.2153781,126.8491791,24050516
근린생활시설,광주광역시 광산구 흑석동 530,광주광역시,74166,24470,0,0.01,35.18210346,126.8093221,24050517
근린생활시설,대구광역시 북구 침산동 244-6,대구광역시,17481,36971,0,0.02,35.88687236,128.5916638,22050560
근린생활시설,대구광역시 동구 덕곡동 105-1,대구광역시,20734,22496,26,0.01,35.99285971,128.6139455,22020710
근린생활시설,대구광역시 북구 동천동 917-8,대구광역시,26289,36971,12,0.02,35.93939066,128.5599561,22050820
근린생활시설,대전광역시 서구 탄방동 1170,대전광역시,26546,14337,3,0.03,36.34846221,127.3957141,25030570
근린생활시설,대전광역시 서구 탄방동 1247,대전광역시,26546,14337,3,0.03,36.34747841,127.3975282,25030570
근린생활시설,대전광역시 유성구 가정동 2-23,대전광역시,27149,19795,4,0.02,36.38050731,127.3783714,25040550
근린생활시설,부산광역시 수영구 민락동 178-10,부산광역시,27041,22984,129,0.02,35.1548923,129.1206035,21140600
근린생활시설,부산광역시 연제구 연산동 2374,부산광역시,32601,22984,9,0.02,35.18509419,129.1119494,21130630
근린생활시설,부산광역시 강서구 명지동 3420-8,부산광역시,53576,31070,16,0.02,35.09742655,128.9225968,21120590
근린생활시설,서울특별시 마포구 서교동 395-91,서울특별시,25611,196415,24,0.1,37.55084421,126.9200536,11140660
근린생활시설,서울특별시 금천구 시흥동 903-4,서울특별시,34370,28922,14,0.02,37.45046819,126.9027348,11180570
근린생활시설,서울특별시 서초구 양재동 81,서울특별시,40223,62251,1,0.03,37.47816986,127.0395472,11220660
근린생활시설,울산광역시 북구 송정동 1178-2,울산광역시,35784,27722,0,0.01,35.59951278,129.3607324,26040570
근린생활시설,울산광역시 북구 신천동 451-2,울산광역시,42437,27722,1,0.01,35.6357711,129.3452703,26040520
근린생활시설,울산광역시 남구 삼산동 1550-7,울산광역시,47809,20222,97,0.05,35.54263392,129.3391575,26020570
근린생활시설,인천광역시 서구 청라동 93-2,인천광역시,34729,51589,0,0.01,37.5354265,126.6281333,23080790
근린생활시설,인천광역시 서구 청라동 96-16,인천광역시,34729,51589,0,0.01,37.53244672,126.6295057,23080790
근린생활시설,인천광역시 남동구 고잔동 662-3,인천광역시,44096,26544,0,0.04,37.39629792,126.7049229,23050740
근린생활시설,전라남도 순천시 덕암동 146-32,전라남도,39932,3801,35,0.03,34.94158415,127.508952,36030570
근린생활시설,전라남도 순천시 연향동 1335-4,전라남도,39932,4818,35,0.03,34.95124086,127.5216453,36030570
근린생활시설,전라남도 광양시 중동 1309-3,전라남도,56681,11124,42,0.02,34.93930557,127.6997283,36060530
근린생활시설,전북특별자치도 전주시 덕진구 인후동1가 926-6,전북특별자치도,30380,24702,0,0.02,35.82494079,127.1636396,35012560
근린생활시설,전북특별자치도 전주시 완산구 효자동3가 1527-5,전북특별자치도,36380,35443,16,0.03,35.81831919,127.1078145,35011790
근린생활시설,전북특별자치도 전주시 덕진구 송천동2가 527,전북특별자치도,63864,29756,2,0.01,35.86502321,127.1219714,35012650
근린생활시설,제주특별자치도 제주시 이도이동 2026-18,제주특별자치도,48436,35338,32,0.03,33.4870856,126.5351505,39010540
근린생활시설,제주특별자치도 제주시 노형동 3814-1,제주특별자치도,57043,54135,46,0.03,33.47850148,126.4761432,39010660
근린생활시설,제주특별자치도 제주시 노형동 903-5,제주특별자치도,57043,54135,46,0.03,33.48633939,126.4807314,39010660
근린생활시설,충청남도 천안시 동남구 구룡동 564-27,충청남도,58598,24639,7,0.02,36.77312337,127.139652,34011580
근린생활시설,충청남도 천안시 동남구 구성동 56-1,충청남도,58598,24639,7,0.02,36.8008355,127.1648616,34011580
근린생활시설,충청남도 천안시 서북구 두정동 620,충청남도,62000,54979,0,0.02,36.82560304,127.1286483,34012610
근린생활시설,충청북도 청주시 흥덕구 강서동 510,충청북도,30676,38488,9,0.02,36.62338488,127.4286823,33043570
근린생활시설,충청북도 청주시 흥덕구 가경동 1687,충청북도,54189,38488,50,0.02,36.61625775,127.4408028,33043540
근린생활시설,충청북도 청주시 청원구 오창읍 양청리 793-1,충청북도,68963,35450,35,0.02,36.71508878,127.4299378,33044120
기타,강원특별자치도 춘천시 동면 만천리 898-3,강원특별자치도,19631,26024,6,0.03,37.87846627,127.761661,32010310
기타,강원특별자치도 춘천시 삼천동 768,강원특별자치도,25152,15928,19,0.03,37.86383208,127.7063751,32010680
기타,강원특별자치도 춘천시 온의동 308-1,강원특별자치도,25152,9664,19,0.03,37.86006767,127.7168618,32010680
기타,경기도 수원시 권선구 평동 56-1,경기도,41423,78521,2,0.03,37.25760881,126.9970691,31012550
기타,경기도 수원시 영통구 이의동 1175-85,경기도,53335,30954,0,0.02,37.29342897,127.0352008,31014620
기타,경기도 파주시 야당동 1087,경기도,67061,41069,8,0.02,37.71389565,126.7613773,31200513
기타,경상남도 창원시 의창구 팔용동 39-7,경상남도,26223,51252,37,0.06,35.2426465,128.6338387,38111520
기타,경상남도 창원시 성산구 대원동 73,경상남도,36021,51252,127,0.04,35.23187785,128.6446769,38112520
기타,경상남도 김해시 진영읍 우동리 425,경상남도,58975,35770,23,0.02,35.27833997,128.7170657,38070110
기타,경상북도 예천군 예천읍 청복리 445-15,경상북도,14481,7790,21,0.03,36.63983062,128.4673668,37600110
기타,경상북도 포항시 북구 죽도동 579-1,경상북도,19406,21053,43,0.05,36.0342209,129.3696739,37012680
기타,경상북도 안동시 옥동 1055-2,경상북도,20391,848,19,0.02,36.56709486,128.6919184,37040600
기타,광주광역시 광산구 쌍암동 669-2,광주광역시,26979,24470,32,0.01,35.21819909,126.8447145,24050690
기타,광주광역시 광산구 신가동 200-16,광주광역시,30070,24470,0,0.01,35.17762289,126.8351661,24050710
기타,광주광역시 광산구 우산동 626,광주광역시,30668,24470,38,0.02,35.16282104,126.8189119,24050580
기타,대구광역시 달성군 옥포읍 기세리 947-4,대구광역시,23443,20557,7,0.02,35.75773516,128.4930565,22510150
기타,대구광역시 북구 태전동 1076-1,대구광역시,23925,36971,6,0.02,35.9250562,128.5507103,22050740
기타,대구광역시 북구 노곡동 987-1,대구광역시,34044,36971,4,0.02,35.90176466,128.5661685,22050750
기타,대전광역시 서구 괴정동 90-12,대전광역시,18945,14337,6,0.04,36.33438337,127.382354,25030610
기타,대전광역시 유성구 도룡동 3-1,대전광역시,27149,19795,4,0.02,36.37515044,127.3818692,25040550
기타,대전광역시 서구 도안동 965,대전광역시,37587,14337,0,0.02,36.33038294,127.3422517,25030512
기타,부산광역시 동래구 온천동 1853,부산광역시,23823,28715,3,0.02,35.21129199,129.0675565,21060560
기타,부산광역시 동래구 수안동 80-5,부산광역시,30344,22984,17,0.02,35.19813382,129.084604,21060510
기타,부산광역시 기장군 기장읍 당사리 524,부산광역시,51393,22984,57,0.02,35.1930992,129.2115,21510110
기타,서울특별시 동작구 사당동 1042-22,서울특별시,22528,62251,4,0.02,37.47743617,126.9812893,11200630
기타,서울특별시 서초구 서초동 1338-5,서울특별시,24335,62251,8,0.07,37.48970022,127.0297995,11220520
기타,서울특별시 영등포구 문래동2가 14-85,서울특별시,31446,196415,4,0.05,37.51367533,126.893889,11190760
기타,울산광역시 중구 태화동 107,울산광역시,31022,20222,4,0.02,35.54994129,129.2974789,26010600
기타,울산광역시 남구 삼산동 1477-6,울산광역시,47809,23213,97,0.05,35.53704312,129.3376579,26020570
기타,울산광역시 남구 삼산동 1639-1,울산광역시,47809,23213,97,0.05,35.539498,129.3501942,26020570
기타,인천광역시 연수구 송도동 102,인천광역시,29428,26544,3,0.02,37.38677383,126.6353615,23040680
기타,인천광역시 남동구 구월동 826-2,인천광역시,31328,24733,6,0.02,37.43828727,126.7068236,23050510
기타,인천광역시 남동구 논현동 754-4,인천광역시,44096,24733,0,0.04,37.39777281,126.7365537,23050740
기타,전라남도 목포시 용해동 608-14,전라남도,16254,15006,0,0.01,34.82204061,126.3955914,36010690
기타,전라남도 영암군 삼호읍 삼포리 1894,전라남도,30828,7694,40,0.02,34.73013071,126.4176854,36610120
기타,전라남도 영암군 삼호읍 난전리 1685-46,전라남도,30828,7694,40,0.02,34.77490631,126.4333849,36610120
기타,전북특별자치도 전주시 완산구 중인동 1318-3,전북특별자치도,21476,31491,0,0.03,35.75779269,127.0869452,35011690
기타,전북특별자치도 전주시 덕진구 덕진동1가 1316-2,전북특별자치도,25042,29756,27,0.02,35.85002829,127.1235856,35012570
기타,전북특별자치도 전주시 완산구 상림동 67-26,전북특별자치도,42864,15769,0,0.01,35.82480929,127.0728664,35011780
기타,제주특별자치도 제주시 일도이동 357-17,제주특별자치도,31540,35338,26,0.02,33.508538,126.5414116,39010520
기타,제주특별자치도 제주시 연동 292-40,제주특별자치도,43976,54135,133,0.03,33.48879959,126.4950717,39010650
기타,제주특별자치도 제주시 이도이동 98-4,제주특별자치도,48436,35338,32,0.03,33.4892505,126.5515902,39010540
기타,충청남도 홍성군 홍성읍 소향리 381-1,충청남도,37640,10780,30,0.03,36.60535234,126.6527105,34560110
기타,충청남도 천안시 서북구 성성동 290-10,충청남도,62000,14426,0,0.02,36.84760107,127.1284463,34012610
기타,충청남도 천안시 서북구 두정동 660,충청남도,62000,54979,0,0.02,36.82724052,127.1301452,34012610
기타,충청북도 청주시 상당구 방서동 642-18,충청북도,43615,22985,1,0.01,36.59947413,127.5042184,33041580
기타,충청북도 청주시 청원구 사천동 22-2,충청북도,48080,19656,4,0.02,36.66997106,127.4838202,33044550
기타,충청북도 청주시 흥덕구 가경동 1449,충청북도,54189,38488,50,0.02,36.62506959,127.4332798,33043540
숙박시설,강원특별자치도 강릉시 안현동 862-3,강원특별자치도,14141,23079,76,0.02,37.80433742,128.9033948,32030670
숙박시설,강원특별자치도 동해시 천곡동 917,강원특별자치도,29530,2928,26,0.03,37.51942432,129.1172877,32040510
숙박시설,강원특별자치도 원주시 단계동 882-4,강원특별자치도,34464,17545,9,0.02,37.34377463,127.9315161,32020670
숙박시설,경기도 성남시 분당구 구미동 185-5,경기도,27298,42915,1,0.02,37.33836677,127.1094975,31023670
숙박시설,경기도 오산시 세교동 176-1,경기도,32313,52009,4,0.02,37.19284822,127.0427262,31140550
숙박시설,경기도 용인시 처인구 포곡읍 삼계리 152,경기도,32744,40037,12,0.02,37.29595747,127.2389067,31191110
숙박시설,경상남도 양산시 덕계동 742-1,경상남도,17997,27682,15,0.02,35.37268638,129.150106,38100570
숙박시설,경상남도 창원시 성산구 상남동 20-7,경상남도,26276,78548,71,0.03,35.22105575,128.684207,38112530
숙박시설,경상남도 창원시 성산구 용호동 73-2,경상남도,26376,51252,14,0.02,35.23043625,128.6809212,38112580
숙박시설,경상북도 경주시 진현동 580-5,경상북도,9706,5217,54,0.02,35.78468266,129.3279244,37020660
숙박시설,경상북도 포항시 북구 항구동 17-30,경상북도,14581,47564,56,0.05,36.05402089,129.3767308,37012670
숙박시설,경상북도 포항시 북구 죽도동 95-39,경상북도,19406,21053,43,0.05,36.02917384,129.3624026,37012680
숙박시설,광주광역시 광산구 쌍암동 679-4,광주광역시,26979,3134,32,0.01,35.21995155,126.8484555,24050690
숙박시설,광주광역시 서구 치평동 1141-18,광주광역시,29447,39702,59,0.04,35.1490683,126.8522689,24020660
숙박시설,광주광역시 광산구 우산동 1606-6,광주광역시,30668,24470,38,0.02,35.16077309,126.8049376,24050580
숙박시설,대구광역시 달성군 현풍읍 지리 1143,대구광역시,24030,19129,10,0.02,35.67151179,128.4270336,22510160
숙박시설,대구광역시 북구 동천동 910-2,대구광역시,26289,36971,12,0.02,35.94253252,128.5619971,22050820
숙박시설,대구광역시 달서구 호산동 712-17,대구광역시,40157,31748,41,0.03,35.84101461,128.4888485,22070610
숙박시설,대전광역시 유성구 덕명동 16-1,대전광역시,20958,16850,0,0.02,36.34507991,127.3054683,25040690
숙박시설,대전광역시 유성구 봉명동 605-3,대전광역시,27075,16850,89,0.04,36.35834351,127.3420231,25040640
숙박시설,대전광역시 유성구 도룡동 4-27,대전광역시,27149,19795,4,0.02,36.37486169,127.3930985,25040550
숙박시설,부산광역시 북구 만덕동 73-34,부산광역시,26348,28715,8,0.01,35.21069354,129.0473653,21080600
숙박시설,부산광역시 해운대구 중동 1398-7,부산광역시,26384,22984,98,0.03,35.16249613,129.1652665,21090530
숙박시설,부산광역시 수영구 민락동 181-212,부산광역시,27041,22984,129,0.02,35.1540293,129.1255724,21140600
숙박시설,서울특별시 서초구 서초동 1355-20,서울특별시,24335,62251,8,0.07,37.48468807,127.0291938,11220520
숙박시설,서울특별시 영등포구 영등포동7가 57,서울특별시,30206,196415,87,0.1,37.52560183,126.9032414,11190740
숙박시설,서울특별시 서대문구 대현동 101-17,서울특별시,33661,196415,58,0.03,37.5569024,126.9431915,11130750
숙박시설,울산광역시 울주군 언양읍 송대리 272-2,울산광역시,31333,15171,11,0.02,35.57493342,129.1250328,26510120
숙박시설,울산광역시 남구 무거동 824-2,울산광역시,34796,20222,25,0.02,35.54789443,129.2607221,26020590
숙박시설,울산광역시 북구 신천동 745-177,울산광역시,35741,27722,5,0.02,35.63832258,129.3556685,26040510
숙박시설,인천광역시 중구 운서동 2801-4,인천광역시,36359,26928,45,0.02,37.49444626,126.4914844,23010640
숙박시설,인천광역시 중구 운서동 3115-1,인천광역시,36359,26928,45,0.02,37.48938986,126.4954774,23010640
숙박시설,인천광역시 부평구 부평동 374-3(부평4동),인천광역시,38156,9736,17,0.02,37.49756606,126.7240845,23060540
숙박시설,전라남도 완도군 완도읍 군내리 1310,전라남도,16903,3590,55,0.04,34.31563683,126.7536271,36660110
숙박시설,전라남도 여수시 소호동 1215,전라남도,31195,25252,60,0.03,34.74726277,127.657916,36020650
숙박시설,전라남도 순천시 해룡면 대안리 1055-9,전라남도,54264,3801,13,0.02,34.92269366,127.5169108,36030370
숙박시설,전북특별자치도 전주시 완산구 중화산동2가 143-18,전북특별자치도,13965,35443,35,0.02,35.81314483,127.1239312,35011620
숙박시설,전북특별자치도 완주군 이서면 갈산리 665-15,전북특별자치도,14554,49737,13,0.03,35.83726842,127.0577087,35510330
숙박시설,전북특별자치도 익산시 신동 137-5,전북특별자치도,23893,4615,0,0.02,35.96557996,126.9654667,35030650
숙박시설,제주특별자치도 제주시 애월읍 하귀2리 2615-7,제주특별자치도,37245,25865,197,0.03,33.48365512,126.3957469,39010120
숙박시설,제주특별자치도 제주시 애월읍 고성리 880,제주특별자치도,37245,51187,197,0.03,33.43097659,126.4194513,39010120
숙박시설,제주특별자치도 제주시 연동 271-23,제주특별자치도,43976,54135,133,0.03,33.49030558,126.4918424,39010650
숙박시설,충청남도 서천군 장항읍 송림리 762-85,충청남도,11066,2183,15,0.03,36.0224778,126.6659265,34540110
숙박시설,충청남도 부여군 부여읍 쌍북리 248-1,충청남도,18159,1317,31,0.04,36.29081242,126.9236047,34530110
숙박시설,충청남도 공주시 신관동 593-2,충청남도,23096,16008,36,0.03,36.46993993,127.1298053,34020570
숙박시설,충청북도 제천시 화산동 204-11,충청북도,14568,21738,35,0.03,37.13102137,128.2073,33030600
숙박시설,충청북도 청주시 흥덕구 봉명동 1823,충청북도,24433,33926,11,0.03,36.64384728,127.4625353,33043560
숙박시설,충청북도 청주시 상당구 용암동 1623,충청북도,56962,18524,22,0.02,36.60885549,127.5028018,33041570
업무시설,강원특별자치도 원주시 관설동 1709-1,강원특별자치도,45914,17545,6,0.02,37.31744152,127.9681661,32020680
업무시설,강원특별자치도 원주시 반곡동 1858-4,강원특별자치도,45914,19092,6,0.02,37.32755905,127.9765819,32020680
업무시설,강원특별자치도 원주시 반곡동 1913-12,강원특별자치도,45914,19092,6,0.02,37.32476742,127.9888806,32020680
업무시설,경기도 의정부시 신곡동 761-1,경기도,44588,29001,2,0.02,37.74957853,127.07001,31030580
업무시설,경기도 양주시 옥정동 965-6,경기도,51014,29001,1,0.01,37.82072977,127.0928266,31260571
업무시설,경기도 수원시 영통구 이의동 1287,경기도,53335,30954,0,0.02,37.29536357,127.0406028,31014620
업무시설,경상남도 진주시 충무공동 87-23,경상남도,32946,24338,9,0.02,35.16690992,128.1329241,38030760
업무시설,경상남도 창원시 성산구 웅남동 45,경상남도,70669,51252,10,0.02,35.21779028,128.6521272,37012650
업무시설,경상남도 양산시 물금읍 범어리 2775-3,경상남도,118027,25436,14,0.02,35.31762051,129.0095612,38100120
업무시설,경상북도 김천시 율곡동 1106,경상북도,22628,18178,5,0.02,36.12743943,128.1804441,37030620
업무시설,경상북도 김천시 율곡동 781,경상북도,22628,10535,5,0.02,36.11717439,128.1839112,37030620
업무시설,경상북도 포항시 북구 흥해읍 이인리 1054,경상북도,43013,21053,17,0.02,36.06190995,129.3181909,37012110
업무시설,광주광역시 광산구 운남동 387-44,광주광역시,30070,24470,0,0.01,35.1736581,126.8183434,24050710
업무시설,광주광역시 북구 연제동 1011,광주광역시,36333,3134,0,0.02,35.20544098,126.8575974,24040800
업무시설,광주광역시 북구 연제동 1038-6,광주광역시,36333,3134,0,0.02,35.20108388,126.8630979,24040800
업무시설,대구광역시 수성구 대흥동 873-1,대구광역시,26548,20197,6,0.02,35.83970557,128.6889044,22060720
업무시설,대구광역시 동구 신서동 621-1,대구광역시,27078,38336,1,0.02,35.87161727,128.7242394,22020770
업무시설,대구광역시 달서구 신당동 1320-11,대구광역시,40157,29690,41,0.03,35.85098884,128.4909411,22070610
업무시설,대전광역시 유성구 복용동 236-3,대전광역시,24689,16850,0,0.01,36.33786007,127.3217983,25040700
업무시설,대전광역시 유성구 봉명동 604-2,대전광역시,27075,16850,89,0.04,36.35895704,127.3430285,25040640
업무시설,대전광역시 서구 둔산동 1022,대전광역시,33962,14337,21,0.03,36.35450339,127.3782723,25030600
업무시설,부산광역시 북구 금곡동 812-8,부산광역시,35222,28715,0,0.01,35.25584484,129.0129576,21080540
업무시설,부산광역시 해운대구광역시 재송동 1354,부산광역시,35710,22984,23,0.03,35.19101994,129.1175731,21090640
업무시설,부산광역시 해운대구 재송동 1214,부산광역시,35710,22984,23,0.03,35.17550504,129.126418,21090640
업무시설,서울특별시 강남구 삼성동 143-40,서울특별시,28760,25582,13,0.04,37.5063861,127.053643,11230590
업무시설,서울특별시 강서구 마곡동 9,서울특별시,32860,196415,6,0.06,37.57219967,126.8375826,11160751
업무시설,서울특별시 강남구 역삼동 826-26,서울특별시,33619,62251,42,0.12,37.49649204,127.0296959,11230640
업무시설,울산광역시 남구 달동 591-9,울산광역시,26067,20222,31,0.03,35.53694862,129.3243688,26020560
업무시설,울산광역시 북구 효문동 812-1,울산광역시,29237,30691,9,0.04,35.56776543,129.3682544,26040560
업무시설,울산광역시 남구 달동 1300-15,울산광역시,47809,23213,97,0.05,35.53650755,129.3373039,26020570
업무시설,인천광역시 남동구 고잔동 732-20,인천광역시,44096,26544,0,0.04,37.3845369,126.7041966,23050740
업무시설,인천광역시 남동구 고잔동 648-1,인천광역시,44096,24733,0,0.04,37.40045393,126.7076668,23050740
업무시설,인천광역시 연수구 송도동 214,인천광역시,52283,26544,0,0.02,37.36665578,126.6484321,23040650
업무시설,전라남도 나주시 빛가람동 196-3,전라남도,38238,57752,13,0.02,35.02263325,126.7858719,36040610
업무시설,전라남도 나주시 빛가람동 348-3,전라남도,38238,57752,13,0.02,35.02083289,126.7861581,36040610
업무시설,전라남도 나주시 빛가람동 273-1,전라남도,38238,48917,13,0.02,35.02296624,126.7970562,36040610
업무시설,전북특별자치도 전주시 덕진구 만성동 1345-3,전북특별자치도,36280,49737,0,0.02,35.84863786,127.0823152,35012700
업무시설,전북특별자치도 전주시 완산구 효자동2가 1155-8,전북특별자치도,36380,35443,16,0.03,35.81534116,127.108756,35011790
업무시설,전북특별자치도 전주시 완산구 서신동 295-68,전북특별자치도,39132,35443,2,0.02,35.8271669,127.1210247,35011660
업무시설,제주특별자치도 제주시 노형동 1054-6,제주특별자치도,57043,54135,46,0.03,33.48883148,126.4766793,39010660
업무시설,제주특별자치도 제주시 노형동 929-6,제주특별자치도,57043,54135,46,0.03,33.48424989,126.4826285,39010660
업무시설,제주특별자치도 제주시 노형동 710-1,제주특별자치도,57043,54135,46,0.03,33.48238823,126.4832746,39010660
업무시설,충청남도 천안시 동남구 신부동 632,충청남도,49621,54979,41,0.02,36.82259324,127.1585733,34011590
업무시설,충청남도 천안시 동남구 청당동 524,충청남도,58598,24639,7,0.02,36.78217427,127.1548592,34011580
업무시설,충청남도 천안시 서북구 성성동 336-33,충청남도,62000,14426,0,0.02,36.8492268,127.1214615,34012610
업무시설,충청북도 청주시 흥덕구 복대동 100-5,충청북도,49996,38488,25,0.02,36.63860915,127.444752,33043520
업무시설,충청북도 청주시 청원구 오창읍 양청리 798-3,충청북도,68963,41483,35,0.02,36.71405099,127.4311017,33044120
업무시설,충청북도 청주시 청원구 오창읍 양청리 810-13,충청북도,68963,41483,35,0.02,36.71271314,127.4381723,33044120
자동차관련시설,강원특별자치도 홍천군 홍천읍 갈마곡리 39-3,강원특별자치도,32605,3756,41,0.03,37.69679458,127.9032348,32510110
자동차관련시설,강원특별자치도 원주시 반곡동 1767-25,강원특별자치도,45914,17545,6,0.02,37.33315537,127.9627023,32020680
자동차관련시설,강원특별자치도 원주시 관설동 1441-1,강원특별자치도,45914,17545,6,0.02,37.31493672,127.9719063,32020680
자동차관련시설,경기도 화성시 기산동 23-1,경기도,51009,30954,4,0.02,37.21792833,127.0551844,31240520
자동차관련시설,경기도 남양주시 별내동 1046,경기도,77318,35408,2,0.02,37.64762921,127.1104893,31130570
자동차관련시설,경기도 화성시 봉담읍 와우리 45-23,경기도,95584,61775,9,0.02,37.21575148,126.9784406,31240120
자동차관련시설,경상남도 창원시 성산구 상남동 57-1,경상남도,26276,78548,71,0.03,35.21420202,128.6864692,38112530
자동차관련시설,경상남도 창원시 성산구 대원동 78,경상남도,36021,51252,127,0.04,35.22849119,128.649897,38112520
자동차관련시설,경상남도 김해시 삼계동 1121-6,경상남도,82345,30599,20,0.01,35.27179074,128.8603975,38070550
자동차관련시설,경상북도 경산시 진량읍 문천리 519-17,경상북도,44028,6546,4,0.02,35.88599969,128.8346689,37100120
자동차관련시설,경상북도 포항시 남구 오천읍 문덕리 880-5,경상북도,56958,10758,35,0.02,35.96056352,129.3980633,37011130
자동차관련시설,경상북도 포항시 남구 오천읍 원리 1528-14,경상북도,56958,10758,35,0.02,35.98032089,129.4008339,37011130
자동차관련시설,광주광역시 광산구 하남동 908,광주광역시,29835,24470,4,0.04,35.18297275,126.7952068,24050630
자동차관련시설,광주광역시 광산구 우산동 1595-2,광주광역시,30668,24470,38,0.02,35.16064145,126.8105883,24050580
자동차관련시설,광주광역시 광산구 선암동 288-1,광주광역시,35670,13462,2,0.01,35.15128162,126.7722913,24050514
자동차관련시설,대구광역시 달성군 현풍읍 대리 599-1,대구광역시,24030,19129,10,0.02,35.66513148,128.4299084,22510160
자동차관련시설,대구광역시 동구 신서동 1035-2,대구광역시,27078,38336,1,0.02,35.87214302,128.723499,22020770
자동차관련시설,대구광역시 북구 연경동 1078-1,대구광역시,34228,36971,2,0.02,35.9415968,128.62327,22050710
자동차관련시설,대전광역시 유성구 원신흥동 531-2,대전광역시,27735,14337,0,0.01,36.33762761,127.3406404,25040710
자동차관련시설,대전광역시 서구 도안동 2067,대전광역시,37587,14337,0,0.02,36.30645064,127.3541964,25030512
자동차관련시설,대전광역시 유성구 장대동 38-3,대전광역시,54074,16850,5,0.02,36.36531679,127.3343853,25040540
자동차관련시설,부산광역시 연제구 연산동 148-26,부산광역시,32601,22984,9,0.02,35.18845604,129.1100046,21130630
자동차관련시설,부산광역시 해운대구 재송동 367-1,부산광역시,35710,22984,23,0.03,35.18188312,129.1235559,21090640
자동차관련시설,부산광역시 해운대구 재송동 561-2,부산광역시,35710,22984,23,0.03,35.18164667,129.1250139,21090640
자동차관련시설,서울특별시 강서구 외발산동 233,서울특별시,34799,196415,5,0.04,37.54591993,126.8217023,11160670
자동차관련시설,서울특별시 구로구 신도림동 288-11,서울특별시,34832,196415,2,0.02,37.50715022,126.8753973,11170510
자동차관련시설,서울특별시 마포구 성산동 590-3,서울특별시,37637,196415,0,0.02,37.56564649,126.9040612,11140730
자동차관련시설,울산광역시 북구 중산동 1323-11,울산광역시,42437,27722,1,0.01,35.64909371,129.3549273,26040520
자동차관련시설,울산광역시 남구 달동 1285-10,울산광역시,47809,23213,97,0.05,35.53439486,129.3364985,26020570
자동차관련시설,울산광역시 남구 삼산동 1540-15,울산광역시,47809,20222,97,0.05,35.54441673,129.3383416,26020570
자동차관련시설,인천광역시 부평구 청천동 175-47,인천광역시,34964,40984,10,0.03,37.5170563,126.7087826,23060620
자동차관련시설,인천광역시 중구 운서동 2797-1,인천광역시,36359,26928,45,0.02,37.49424201,126.4898767,23010640
자동차관련시설,인천광역시 남동구 고잔동 635-5,인천광역시,44096,26544,0,0.04,37.40553721,126.6968312,23050740
자동차관련시설,전라남도 순천시 해룡면 상삼리 465,전라남도,54264,53484,13,0.02,34.94379552,127.5369443,36030370
자동차관련시설,전라남도 순천시 해룡면 상삼리 209-1,전라남도,54264,53484,13,0.02,34.93997227,127.5380752,36030370
자동차관련시설,전라남도 순천시 해룡면 월전리 37-1,전라남도,54264,3801,13,0.02,34.91401945,127.541181,36030370
자동차관련시설,전북특별자치도 익산시 부송동 641,전북특별자치도,30995,36642,1,0.01,35.96639792,126.9859083,35030700
자동차관련시설,전북특별자치도 전주시 완산구 평화동2가 364-6,전북특별자치도,43311,31491,0,0.01,35.78447524,127.1294526,35011650
자동차관련시설,전북특별자치도 군산시 미장동 550-4,전북특별자치도,52171,13290,0,0.02,35.95991553,126.7281359,35020690
자동차관련시설,제주특별자치도 제주시 노형동 3115-2,제주특별자치도,57043,54135,46,0.03,33.48047353,126.4656456,39010660
자동차관련시설,제주특별자치도 제주시 노형동 2269-1,제주특별자치도,57043,54135,46,0.03,33.47835676,126.4692531,39010660
자동차관련시설,제주특별자치도 제주시 노형동 3788-9,제주특별자치도,57043,54135,46,0.03,33.48333509,126.4763982,39010660
자동차관련시설,충청남도 천안시 동남구 청당동 398-6,충청남도,58598,24639,7,0.02,36.78162323,127.1429935,34011580
자동차관련시설,충청남도 천안시 동남구 구룡동 490-1,충청남도,58598,24639,7,0.02,36.76975503,127.143415,34011580
자동차관련시설,충청남도 아산시 배방읍 장재리 1186,충청남도,86956,71113,10,0.01,36.79530627,127.088816,34040120
자동차관련시설,충청북도 충주시 연수동 1668,충청북도,35648,1848,11,0.02,36.98233981,127.9447839,33020630
자동차관련시설,충청북도 증평군 증평읍 장동리 322-3,충청북도,36290,4414,28,0.02,36.78934197,127.5914108,33590140
자동차관련시설,충청북도 청주시 청원구 오창읍 각리 655-1,충청북도,68963,35450,35,0.02,36.69820069,127.420661,33044120
판매시설,강원특별자치도 원주시 단계동 382-12,강원특별자치도,27802,17545,31,0.03,37.34270685,127.9261358,32020600
판매시설,강원특별자치도 원주시 단구동 205-23,강원특별자치도,42402,17545,12,0.02,37.33259517,127.9607917,32020560
판매시설,강원특별자치도 원주시 관설동 1426-5,강원특별자치도,45914,17545,6,0.02,37.3162799,127.9696256,32020680
판매시설,경기도 의왕시 오전동 132-4,경기도,37041,62251,0,0.01,37.35769483,126.9637928,31170530
판매시설,경기도 시흥시 정왕동 2303-10,경기도,41210,41640,0,0.02,37.35225833,126.7393031,31150640
판매시설,경기도 화성시 남양읍 남양리 388-2,경기도,59487,16675,14,0.02,37.20271123,126.7994275,31240150
판매시설,경상남도 김해시 삼정동 70-6,경상남도,40591,30599,46,0.02,35.2348896,128.8964072,38070580
판매시설,경상남도 양산시 동면 금산리 600-2,경상남도,44260,28715,10,0.02,35.30661744,129.026512,38100310
판매시설,경상남도 창원시 의창구 중동 758-2,경상남도,48601,51252,2,0.02,35.2609265,128.6281864,38111510
판매시설,경상북도 포항시 남구 효자동 289-3,경상북도,31571,36156,0,0.01,36.00740391,129.3328256,37011580
판매시설,경상북도 포항시 북구 장성동 1494-8,경상북도,70669,47564,10,0.02,36.08793077,129.3864943,37012650
판매시설,경상북도 포항시 북구 양덕동 1338,경상북도,70669,47564,10,0.02,36.08413468,129.3964803,37012650
판매시설,광주광역시 광산구 하남동 800,광주광역시,29835,24470,4,0.04,35.17983404,126.8066047,24050630
판매시설,광주광역시 광산구 흑석동 30,광주광역시,29835,24470,4,0.04,35.18478487,126.8092499,24050630
판매시설,광주광역시 광산구 장덕동 1613,광주광역시,74166,24470,0,0.01,35.19067397,126.8154255,24050517
판매시설,대구광역시 북구 대현동 274-65,대구광역시,17150,36971,7,0.02,35.88079397,128.6114093,22050840
판매시설,대구광역시 서구 이현동 42-271,대구광역시,19219,29690,3,0.06,35.86902364,128.5374114,22030660
판매시설,대구광역시 수성구 만촌동 773-6,대구광역시,20334,20197,0,0.01,35.85262574,128.6586413,22060570
판매시설,대전광역시 서구 도안동 1778,대전광역시,37587,14337,0,0.02,36.30476395,127.3494914,25030512
판매시설,대전광역시 유성구 장대동 317-8,대전광역시,54074,16850,5,0.02,36.36436484,127.3396092,25040540
판매시설,대전광역시 유성구 어은동 106-4,대전광역시,54074,16850,5,0.02,36.36098027,127.3544188,25040540
판매시설,부산광역시 연제구 연산동 2299,부산광역시,20797,22984,0,0.02,35.17497131,129.0830947,21130560
판매시설,부산광역시 부산진구 전포동 664-10,부산광역시,22674,22984,5,0.04,35.15875274,129.0644393,21050610
판매시설,부산광역시 해운대구 우동 1212-4,부산광역시,29092,22984,13,0.04,35.17234798,129.1334551,21090740
판매시설,서울특별시 송파구 삼전동 181-6,서울특별시,28335,52885,3,0.02,37.50050279,127.096483,11240640
판매시설,서울특별시 영등포구 영등포동8가 30-22,서울특별시,30206,196415,87,0.1,37.52596653,126.9040894,11190740
판매시설,서울특별시 강남구 역삼동 822-4,서울특별시,33619,62251,42,0.12,37.4987925,127.0289335,11230640
판매시설,울산광역시 중구 태화동 34-7,울산광역시,31022,20222,4,0.02,35.55491387,129.3055676,26010600
판매시설,울산광역시 남구 무거동 466-3,울산광역시,34796,20222,25,0.02,35.54577033,129.2614089,26020590
판매시설,울산광역시 남구 삼산동 1624-7,울산광역시,47809,23213,97,0.05,35.53952201,129.3472977,26020570
판매시설,인천광역시 부평구 부평동 10-500,인천광역시,38156,9736,17,0.02,37.50441153,126.7299716,23060540
판매시설,인천광역시 남동구 고잔동 524-2,인천광역시,44096,26544,0,0.04,37.3868407,126.7118186,23050740
판매시설,인천광역시 남동구 고잔동 173-1,인천광역시,44096,24733,0,0.04,37.39499364,126.7138834,23050740
판매시설,전라남도 순천시 연향동 1683-2,전라남도,39932,3801,35,0.03,34.93492028,127.5170553,36030570
판매시설,전라남도 순천시 연향동 1684-4,전라남도,39932,3801,35,0.03,34.93460089,127.5183942,36030570
판매시설,전라남도 순천시 해룡면 대안리 933-1,전라남도,54264,3801,13,0.02,34.93127151,127.5242036,36030370
판매시설,전북특별자치도 전주시 덕진구 만성동 1348-3,전북특별자치도,36280,49737,0,0.02,35.84753587,127.0832661,35012700
판매시설,전북특별자치도 전주시 완산구 효자동3가 1627-6,전북특별자치도,36380,35443,16,0.03,35.82494459,127.102382,35011790
판매시설,전북특별자치도 전주시 완산구 효자동3가 1541-10,전북특별자치도,36380,35443,16,0.03,35.81488398,127.1093612,35011790
판매시설,제주특별자치도 제주시 이도이동 1176-109,제주특별자치도,48436,35338,32,0.03,33.50061881,126.529495,39010540
판매시설,제주특별자치도 제주시 노형동 3802-15,제주특별자치도,57043,54135,46,0.03,33.48099194,126.4762057,39010660
판매시설,제주특별자치도 제주시 노형동 3784-2,제주특별자치도,57043,54135,46,0.03,33.4834488,126.4802795,39010660
판매시설,충청남도 아산시 탕정면 매곡리 607-24,충청남도,47364,11947,1,0.01,36.79217038,127.0812664,34040330
판매시설,충청남도 천안시 동남구 구성동 237-1,충청남도,58598,24639,7,0.02,36.79712981,127.1650912,34011580
판매시설,충청남도 아산시 배방읍 장재리 1806,충청남도,86956,71113,10,0.01,36.78884017,127.1080551,34040120
판매시설,충청북도 청주시 흥덕구 오송읍 연제리 702,충청북도,31129,42283,7,0.02,36.6321364,127.3267218,33043110
판매시설,충청북도 청주시 청원구 사천동 462-15,충청북도,48080,33926,4,0.02,36.66351911,127.4698407,33044550
판매시설,충청북도 청주시 상당구 용암동 1587,충청북도,56962,22985,22,0.02,36.60815577,127.5016248,33041570
